{
    "Sun": {
        "position": [
            0.0,
            0.0
        ],
        "velocity": [
            -0.0,
            0.0
        ],
        "mass": 1.989e+30
    },
    "Mercury": {
        "position": [
            46715511567.428986,
            34221828241.256115
        ],
        "velocity": [
            -28011.358452879696,
            38237.72741186753
        ],
        "mass": 3.301e+23
    },
    "Venus": {
        "position": [
            -86869168232.3607,
            -64520695457.83519
        ],
        "velocity": [
            20869.112567920518,
            -28097.689239997333
        ],
        "mass": 4.867e+24
    },
    "Earth": {
        "position": [
            127259229892.74808,
            78642299846.06638
        ],
        "velocity": [
            -15665.600883534355,
            25350.12719805973
        ],
        "mass": 5.972e+24
    },
    "Mars": {
        "position": [
            -66321668535.48321,
            218074638913.28375
        ],
        "velocity": [
            -23057.279416815734,
            -7012.265389650147
        ],
        "mass": 6.417e+23
    },
    "Jupiter": {
        "position": [
            -711485280437.9508,
            316108269977.1874
        ],
        "velocity": [
            -5278.302342752548,
            -11880.215670537844
        ],
        "mass": 1.898e+27
    },
    "Saturn": {
        "position": [
            -1366669393170.4307,
            -418786549764.36774
        ],
        "velocity": [
            2824.345243402927,
            -9216.977484298593
        ],
        "mass": 5.683e+26
    },
    "Uranus": {
        "position": [
            2804772083557.946,
            611499779348.1458
        ],
        "velocity": [
            -1448.5174584165527,
            6643.929347356311
        ],
        "mass": 8.681e+25
    },
    "Neptune": {
        "position": [
            4311432144195.344,
            -1283403056876.7537
        ],
        "velocity": [
            1549.191737598739,
            5204.315993495764
        ],
        "mass": 1.024e+26
    }
}